month,runtime_seconds,rows,output_bytes,parquet_files
2023-02,0.0,2872501,86402572,1
2023-03,0.0,3354789,101018631,1
2023-04,0.0,3247840,98276978,1
2023-05,0.0,3466623,105034730,1
2023-06,0.0,3259503,99365519,1
2023-07,0.0,2857079,88383854,1
2023-08,0.0,2766567,86021672,1
2023-09,0.0,2747974,84809568,1
2023-10,0.0,3400429,103798539,1
2023-11,0.0,3236248,98548634,1
2023-12,96.78820729255676,3303105,101093383,1
2024-01,111.63140320777893,2904141,88664667,1
2024-02,40.813371896743774,2939257,89463441,1
2024-03,49.061906576156616,3495270,107587301,1
2024-04,46.72528052330017,3468346,106779805,1
2024-05,56.31744980812073,3673950,113375503,1
2024-06,46.40935564041138,3486179,107999209,1
2024-07,46.065595388412476,3028800,94788473,1
2024-08,37.388418436050415,2921720,91993430,1
2024-09,49.49099826812744,3551821,110561174,1
2024-10,50.84722280502319,3752055,115378622,1
2024-11,48.36245918273926,3576933,109833350,1
2024-12,51.45146870613098,3592555,110588122,1
2025-01,50.17662477493286,3382974,103897683,1
2025-02,52.655791997909546,3473274,107063373,1
2025-03,66.63286113739014,4020017,124856916,1
2025-04,69.68573522567749,3845182,119342663,1
2025-05,75.36942958831787,4387975,138337040,1
2025-06,69.18251776695251,4121495,130770961,1
2025-07,62.18998098373413,3720634,119057698,1
2025-08,69.2806007862091,3422739,110542042,1
2025-09,79.2932300567627,4070556,129221749,1
2025-10,76.09912037849426,4236467,133729721,1
2025-11,74.08388137817383,4011193,127393933,1
2025-12,77.08194732666016,4096385,131287659,1
